{"cameraMode":{"drawMode":0,"name":"Shaded","section":"Shading Mode"},"sceneLighting":false,"audioPlay":false,"sceneViewState":{"showFog":true,"showMaterialUpdate":false,"showSkybox":false,"showFlares":true,"showImageEffects":true,"showParticleSystems":true},"in2DMode":false,"pivot":{"x":-1.9114336967468262,"y":8.056692123413086,"z":4.7375383377075199},"rotation":{"x":-0.15579670667648316,"y":0.8442007303237915,"z":-0.3637194335460663,"w":-0.3616083264350891},"size":7.7487640380859379,"orthographic":false}