{"cameraMode":{"drawMode":0,"name":"Shaded","section":"Shading Mode"},"sceneLighting":true,"audioPlay":false,"sceneViewState":{"showFog":true,"showMaterialUpdate":false,"showSkybox":true,"showFlares":true,"showImageEffects":true,"showParticleSystems":true},"in2DMode":false,"pivot":{"x":0.16455650329589845,"y":6.528170585632324,"z":-11.166479110717774},"rotation":{"x":0.011961342766880989,"y":-0.7471184134483337,"z":0.01344958133995533,"w":0.6644473075866699},"size":22.0,"orthographic":false}