{"cameraMode":{"drawMode":0,"name":"Shaded","section":"Shading Mode"},"sceneLighting":false,"audioPlay":false,"sceneViewState":{"showFog":true,"showMaterialUpdate":false,"showSkybox":false,"showFlares":true,"showImageEffects":true,"showParticleSystems":true},"in2DMode":false,"pivot":{"x":6.705312252044678,"y":-3.8794116973876955,"z":-2.4381933212280275},"rotation":{"x":0.12398656457662583,"y":-0.863396942615509,"z":0.41580164432525637,"w":0.2574528455734253},"size":16.821008682250978,"orthographic":false}