{"cameraMode":{"drawMode":0,"name":"Shaded","section":"Shading Mode"},"sceneLighting":true,"audioPlay":false,"sceneViewState":{"showFog":true,"showMaterialUpdate":false,"showSkybox":true,"showFlares":true,"showImageEffects":true,"showParticleSystems":true},"in2DMode":false,"pivot":{"x":-1.8210530281066895,"y":1.5610342025756837,"z":1.3196430206298829},"rotation":{"x":-0.07089083641767502,"y":0.8636287450790405,"z":-0.12682552635669709,"w":-0.4827371835708618},"size":10.0,"orthographic":false}